rgn_id,rgn_name,area_km2
1,England,227705.359375
3,Northern Ireland,7792.52197266
4,Scotland,459115.78125
2,Wales,30655.4492188
