rgn_id,pressure_score
1,0.272125887909662
2,0.272125887909662
3,0.272125887909662
4,0.272125887909662
