rgn_id,pressure_score
1,0.361744142241408
2,0.361744142241408
3,0.361744142241408
4,0.361744142241408
