rgn_id,pressure_score
1,0.200410578734464
2,0.200410578734464
3,0.200410578734464
4,0.200410578734464
