rgn_id,pressure_score
1,0.273789580512481
2,0.273789580512481
3,0.273789580512481
4,0.273789580512481
