rgn_id,trend
1,0.131341692697153
2,0.131341692697153
3,0.131341692697153
4,0.131341692697153
