rgn_id,habitat,extent_rank
1,saltmarsh,66046.8810728746
2,saltmarsh,66046.8810728746
3,saltmarsh,66046.8810728746
4,saltmarsh,66046.8810728746
