rgn_id,pressure_score
1,0.357118720455288
2,0.357118720455288
3,0.357118720455288
4,0.357118720455288
