rgn_id,pressure_score
1,0.411009859227214
2,0.411009859227214
3,0.411009859227214
4,0.411009859227214
