rgn_id,value
1,0.574502115201836
2,0.574502115201836
3,0.574502115201836
4,0.574502115201836
