rgn_id,resilience.score
1,0.594823920121894
2,0.594823920121894
3,0.594823920121894
4,0.594823920121894
