rgn_id,pressure_score
1,0.0039676916536772
2,0.0039676916536772
3,0.0039676916536772
4,0.0039676916536772
