rgn_id,w_fis
1,0.879708248048532
2,0.879708248048532
3,0.879708248048532
4,0.879708248048532
