rgn_id,resilience.score
1,0.791666666666667
2,0.791666666666667
3,0.791666666666667
4,0.791666666666667
