rgn_id,habitat,health
1,saltmarsh,0.5
1,seaice_edge,0.990013904689673
1,seaice_shoreline,0.445238095238095
1,soft_bottom,0.950197241818273
2,saltmarsh,0.5
2,seaice_edge,0.990013904689673
2,seaice_shoreline,0.445238095238095
2,soft_bottom,0.950197241818273
3,saltmarsh,0.5
3,seaice_edge,0.990013904689673
3,seaice_shoreline,0.445238095238095
3,soft_bottom,0.950197241818273
4,saltmarsh,0.5
4,seaice_edge,0.990013904689673
4,seaice_shoreline,0.445238095238095
4,soft_bottom,0.950197241818273
