rgn_id,pressure_score
1,0.601125164252224
2,0.601125164252224
3,0.601125164252224
4,0.601125164252224
