rgn_id,pressure_score
1,0.0498027581817266
2,0.0498027581817266
3,0.0498027581817266
4,0.0498027581817266
