rgn_id,score
1,0.773543315142857
2,0.773543315142857
3,0.773543315142857
4,0.773543315142857
