rgn_id,resilience.score
1,0.0579495802496
2,0.0579495802496
3,0.0579495802496
4,0.0579495802496
