rgn_id,pressure_score
1,0.617317143356816
2,0.617317143356816
3,0.617317143356816
4,0.617317143356816
