rgn_id,pressure_score
1,0.305347354514476
2,0.305347354514476
3,0.305347354514476
4,0.305347354514476
