rgn_id,pressure_score
1,0.0209468183179142
2,0.0209468183179142
3,0.0209468183179142
4,0.0209468183179142
