rgn_id,pressure_score
1,0.219330950194443
2,0.219330950194443
3,0.219330950194443
4,0.219330950194443
