rgn_id,pressure_score
1,0.138058611054201
2,0.138058611054201
3,0.138058611054201
4,0.138058611054201
