rgn_id,pressure_score
1,0.465277489700425
2,0.465277489700425
3,0.465277489700425
4,0.465277489700425
