rgn_id,area_km2
1,723406.80786
2,723406.80786
3,723406.80786
4,723406.80786
