rgn_id,pressures.score
1,0.15304815662263
2,0.15304815662263
3,0.15304815662263
4,0.15304815662263
