rgn_id,pressure_score
1,0.991545631081642
2,0.991545631081642
3,0.991545631081642
4,0.991545631081642
