rgn_id,score
1,0.910852734472527
2,0.910852734472527
3,0.910852734472527
4,0.910852734472527
