rgn_id,score
1,0.912179463592738
2,0.912179463592738
3,0.912179463592738
4,0.912179463592738
