rgn_id,pressure_score
1,0.206746866305669
2,0.206746866305669
3,0.206746866305669
4,0.206746866305669
