rgn_id,resilience_score
1,0.793253133694331
2,0.793253133694331
3,0.793253133694331
4,0.793253133694331
